'interactive_3dplotting.html','cell001'
'curve_evolute.html','cell002'
'function_3dplotting.html','cell003'
'external_json.html','cell004'
'interactive_graph.html','cell005'
'set_operation.html','cell006'
'sklearn_clusters.html','cell007,cel008'
'interactive_polar_plotting.html','cell009'
'rotated_graph_path.html','cell010'
'smc_rotated_polygon.html','cell011'
'interactive_tachyon_plotting.html','cell012'
'interactive_tachyon_projection.html','cell013'
'rpackages.html','cell014'
'3dline_graph.html','cell015'
'code_input.html','cell016,cell017'
'code_snippets.html','cell018,cell019,cell020'
'sage_animate.html','cell021'
'zoom_function.html','svg001'
'butterfly_function.html','svg002'
'font_line.html','svg003'
'color_interpolation.html','svg004'
'zoom_effect.html','svg005'
'world_map.html','svg006'
'd3_random_pattern.html','svg007'
'd3_random_pattern2.html','svg008'
'd3color_gradient.html','svg009'
'd3_sumfunction.html','svg010'
'd3random_lines.html','svg011'
'd3_dumbbell.html','svg012'
'd3random_curves.html','svg013'
'd3recursive_curves.html','svg014'
'd3animated_lines.html','svg015'
'font_color.html','div001'
'circle_mouse.html','div002'
'highcharts_polygon.html','div003'
'glinechart.html','div004'
'highcharts_euromap.html','div005'
'fun_plotly.html','div006'
'highcharts_random_function.html','div007'
'highcharts_random_function2.html','div008'
'gchart_random_function.html','div009'
'gchart_bar.html','div010'
'highcharts_histogram_bellcurve.html','div011'
'gchart_random_curve.html','div012'
'highcharts_3dplotting.html','div013'
'plotly_polar.html','div014'
'danfo_csv.html','div015'
'danfo_tfarray.html','div016'
'graph.html','graph001'
'canvas_draw.html','canvas001'
'animated_button.html','button001'
'uri_encode.html','button002,p002,img002'
'table_structure.html','table001'